{"Linear Regression": {"MAPE": 0.04302342707186663}, "Random Forest": {"MAPE": 0.0321556518421961}, "Gradient Boosting": {"MAPE": 0.032653466338505965}, "Linear + RF Stacking Model": {"MAPE": 0.033257837151534964}, "Linear + GB Stacking Model": {"MAPE": 0.03443002322601385}, "Ridge": {"MAPE": 0.04302342709077011}, "MLP": {"MAPE": 0.04185975021539494}, "SVR": {"MAPE": 0.06845841767256017}, "KNN": {"MAPE": 0.045098067394999136}}